{"cameraMode":{"drawMode":0,"name":"Shaded","section":"Shading Mode"},"sceneLighting":true,"audioPlay":false,"sceneViewState":{"m_AlwaysRefresh":false,"showFog":true,"showSkybox":true,"showFlares":true,"showImageEffects":true,"showParticleSystems":true,"showVisualEffectGraphs":true,"m_FxEnabled":true},"in2DMode":false,"pivot":{"x":-0.3632722496986389,"y":-0.1873714178800583,"z":0.5674992799758911},"rotation":{"x":0.08926514536142349,"y":-0.36263880133628847,"z":0.0349201001226902,"w":0.9269891977310181},"size":2.4253387451171877,"orthographic":false}